Number,Place,South,North,West,East,SW,SE,NW,NE,Up,Down,In,Out,Points,Status,Object dependency,Message,Alternate description,Description
1, Hall of Optical Illusions,-21,3,12,2,,,,,,,,,,10,,,,,A grand hall lined with warping mirrors and optical illusions. Exits lead North East West and South.
2,Makeshift Klown Kart Racing Chamber,,,1,,,,,,,,,,,,,,,Makeshift Klown Kart Racing Chamber with a couple of rusted karts on tracks. Exits lead West.
3,Hall of Ghostly Frivolity and Art,1,5,4,13,,,,,,,,,10,dark,6,,This room is dark,A dimly lit gallery of haunted clown paintings. Exits lead South North West and East.
4,Rickety Stairs to the Basement,,,,3,,,,,,,18,,,,,,,Rickety Stairs to the Basement leading down. Exits lead East and Down.
5,Blood-shock Hall of Doom 1,3,6,7,-8,,,,,,,,,,,,You cannot enter. The door is locked.,,Blood-shock Hall of Doom 1
6,Blood-shock Hall of Doom 2,5,9,10,11,,,,,,,,,,,,,,,Blood-shock Hall of Doom 2
7,The Bemusing Musical Room of Merry Amusement,,,,5,,,,,,,,,,,,,,,The Bemusing Musical Room of Merry Amusement
8,The Hellhound's Enclosure,,,5,16,,,,,,,,,,,,,,,The Hellhound's Enclosure. An iron gate leads East.
9,Upstairs to second floor,6,,20,19,,,,,,15,,,,,,,,Upstairs landing to the second floor. Exits lead South East West and Down.
10,Conspicious Trap Door,,,,6,,,,,,,18,,,,,,,Conspicious Trap Door leading down. Exits lead East and Down.
11,The Scorching Cell,,,6,,,,,,,,,,,,,,,,The Scorching Cell
12,Mirror Maze of Infinite Reflections,12,12,12,1,,,,,,,,,,,,,,An labyrinth of mirrors reflecting your image infinitely. Directions loop unless you head South.
13,Chamber of Creepy Puppets,,,3,,,,,,,,,,,,,,,,A chilling chamber filled with hanging puppets and marionettes. Exits lead West.
14,The Old Control Room,,,,18,,,,,,,,,,,,,,A dusty mechanical room containing generator switchboards. Exits lead East.
15,The Spiral Giant Slide,,,,,,,,,,,4,,,,,,,A polished wooden spiral slide leading down. Exits lead Down.
16,Haunted Carousel Clearing,8,,,-22,,,,,,,,,,10,,You cannot enter. The exit gate is locked.,,An open clearing featuring a silent dark carousel. The heavy exit gate lies to the East.
17,Mystic Fortune Teller's Booth,,12,,,,,,,,,,,,,,,,A small booth housing the mechanical fortune teller Zoltar. Exits lead North.
18,The Secret Mechanical Shaft,,,14,,,,,,10,4,,,,,,,,A tight mechanical shaft connecting parts of the funhouse. Exits lead West Up and Down.
19,Ringmaster's Private Den,,,9,,,,,,,,,,,,,,,,The Ringmaster's private office decorated with old circus posters. Exits lead West.
20,The Hall of Vertigo,,,,9,,,,,,,,,,,,,,,A rotating tunnel chamber that causes extreme disorientation. Exits lead East.
21,Abandoned Ticket Booth,,1,,,,,,,,,,,,,,10,,,,,,The entrance ticket booth outside the Fun House. Exits lead North.
22,The Funhouse Exit Gate,,,,,,,,,,,,,,,,,,,The heavy iron gate leading out to safety.
